{"schemaVersion":"1.0","appDefinitionTemplate":{"id":"/providers/Microsoft.PowerApps/apps/","type":"Microsoft.PowerApps/apps","tags":{"primaryDeviceWidth":"1920","primaryDeviceHeight":"900","supportsPortrait":"true","supportsLandscape":"true","primaryFormFactor":"Web","showStatusBar":"false","publisherVersion":"3.24103.17","minimumRequiredApiVersion":"2.2.0","hasComponent":"false","hasUnlockedComponent":"false","isUnifiedRootApp":"false","sienaVersion":"20241031T133041Z-3.24103.17.0"},"properties":{"appVersion":"2024-10-31T13:30:41Z","lifeCycleId":"Published","createdByClientVersion":{"major":3,"minor":24103,"build":17,"revision":0,"majorRevision":0,"minorRevision":0},"minClientVersion":{"major":3,"minor":24103,"build":17,"revision":0,"majorRevision":0,"minorRevision":0},"backgroundColor":"RGBA(0,176,240,1)","backgroundImageUri":"/9054743691841170130/Ncc02fef4-6fb2-4d80-9543-1373d9110ef8-logoSmallFile","displayName":"4120aa81-f726-42a3-af6e-e221ae584953 forms","description":"","commitMessage":"","appUris":{"documentUri":{"value":"/9054743691841170130/N3f94e4bc-3a4f-4c32-8977-1b1954142eac-document.msapp"},"imageUris":[],"additionalUris":[{"isSolutionAware":false,"value":"/9054743691841170130/N19e77b20-a645-4595-80c2-fa108781da24-identity.json"}]},"createdTime":"0001-01-01T00:00:00Z","lastModifiedTime":"0001-01-01T00:00:00Z","sharedGroupsCount":0,"sharedUsersCount":0,"connectionReferences":{"a87dddfa-4711-4ae0-9037-c83a6c63da60":{"id":"b986e5b5-b425-4e11-aae1-8b6eb03cefca","displayName":"SharePoint","iconUri":"https://connectoricons-prod.azureedge.net/u/jayawan/releases/v1.0.1697/1.0.1697.3786/sharepointonline/icon.png","dataSources":["Maintenance Procedures - FACS Lyric A"],"dependencies":[],"dependents":[],"parameterHints":{},"parameterHintsV2":{},"isOnPremiseConnection":false,"bypassConsent":true,"dataSets":{"https://govmt.sharepoint.com/sites/MDHPathologyFlow-Cytometry":{"dataSources":{"Maintenance Procedures - FACS Lyric A":{"tableName":"4120aa81-f726-42a3-af6e-e221ae584953"}}}},"apiTier":"Standard","isCustomApiConnection":false,"actions":["providers/PowerPlatform.Governance/Operations/Read","providers/PowerPlatform.Governance/Operations/Write"]}},"databaseReferences":{},"embeddedApp":{"siteId":"https://govmt.sharepoint.com/sites/MDHPathologyFlow-Cytometry","listId":"4120aa81-f726-42a3-af6e-e221ae584953","listUrl":"https://govmt.sharepoint.com/sites/MDHPathologyFlow-Cytometry/Lists/Maintenance Procedures  FACS Lyric A/AllItems.aspx","type":"SharepointFormApp","screenWidth":1920,"screenHeight":900},"almMode":"Environment","performanceOptimizationEnabled":true,"canConsumeAppPass":true,"enableModernRuntimeMode":false,"executionRestrictions":{"isTeamsOnly":false,"dataLossPreventionEvaluationResult":{"status":"Compliant","lastEvaluationDate":"2024-10-23T13:48:38.7471852Z","violations":[],"violationsByPolicy":[],"violationErrorMessage":"The app uses the following connectors: shared_sharepointonline."}}},"appType":"ClassicCanvasApp","appComponents":[]}}